,smiles_monomer
0,O=C(O)CCCC(=O)O.OCCCCCCCCCCO
1,CC1(C)CC(C)(c2ccc(C(=O)O)cc2)c2ccc(C(=O)O)cc21.Nc1cccc(S(=O)(=O)c2cccc(N)c2)c1
2,O=C(O)CC/C=C/CCC(=O)O.OCCCCCCO
3,O=C(O)CCCC(=O)O.OCCCCCCO
4,Nc1cccc(N)n1.O=C(O)c1ccc2c(c1)C(=O)N(c1cccc(N3C(=O)c4ccc(C(=O)O)cc4C3=O)c1)C2=O
5,Nc1cccc(N)n1.O=C(O)c1ccc(OCCCOc2ccc(C(=O)O)cc2)cc1
6,Cc1nc(N2C(=O)C3C=CC(C(=O)O)=CC3C2=O)sc1Sc1sc(N2C(=O)C3C=CC(C(=O)O)=CC3C2=O)nc1C.Nc1cccc(N)n1
7,O=C(O)CCCCC(=O)O.OCCCCCCO
8,Nc1cccc(N)c1.O=C(O)c1cccc(C(=O)O)c1
9,Nc1cccc(N)c1.O=C(O)c1ccc2c(c1)C(=O)N(c1ccc(Oc3cc(Oc4ccc(N5C(=O)c6ccc(C(=O)O)cc6C5=O)cc4)cc(-c4nc5ccccc5s4)c3)cc1)C2=O
10,O=C(O)CCCCCC(=O)O.OCCCCCCO
11,Nc1cccc(N)c1.O=C(O)c1ccc2c(c1)C(=O)N(c1ccc(C3(c4ccc(N5C(=O)c6ccc(C(=O)O)cc6C5=O)cc4)c4ccccc4-c4ccccc43)cc1)C2=O
12,Nc1cccc(N)c1.O=C(O)c1ccc2c(c1)C(=O)N(c1cc(Cl)c(N3C(=O)c4ccc(C(=O)O)cc4C3=O)cc1Cl)C2=O
13,Nc1cccc(N)c1.O=C(O)c1ccc(Oc2ccc(C3(c4ccc(Oc5ccc(C(=O)O)cc5)cc4)c4ccccc4Oc4ccccc43)cc2)cc1
14,O=C(O)CCCCCCCCC(=O)O.OCCCCCCO
15,Nc1cccc(N)c1.O=C(O)c1ccc(C(=O)O)cc1
16,Nc1cccc(N)c1.O=C(O)Cc1ccc(-c2sc(-c3ccc(CC(=O)O)cc3)c(-c3ccccc3)c2-c2ccccc2)cc1
17,Nc1cccc(S(=O)(=O)c2cccc(N)c2)c1.O=C1/C(=C/c2ccc(N3C(=O)c4ccc(C(=O)O)cc4C3=O)cc2)CC/C1=C\c1ccc(N2C(=O)c3ccc(C(=O)O)cc3C2=O)cc1
18,Nc1cccc2c(N)cccc12.O=C(O)c1ccc2c(c1)C(=O)N(c1cccc3c(Oc4cccc(Oc5cccc6c(N7C(=O)c8ccc(C(=O)O)cc8C7=O)cccc56)c4)cccc13)C2=O
19,O=C(O)c1ccc(-c2ccc(C(=O)O)cc2)cc1.OCCCCCCCO
20,O=C(Cl)C/C=C/CC(=O)Cl.OCCCCCCCCCCCCCCO
21,CC(C)(CO)CO.O=C(O)CC(=O)O
22,O=C(O)CCCCCCCCCCCCCCCCC(=O)O.OCCCCCCCCCCO
23,CC(O)CCO.O=C(O)C(=O)O
24,O=C(O)c1ccc(C=Cc2ccc(C(=O)O)cc2)cc1.OCCCCCCCCCCO
25,COC1=C(O)C=CC(=CNc2ccc(Oc3ccc(NC=C4C=CC(O)=C(OC)C4)cc3)cc2)C1.O=C(Cl)c1cccc(C(=O)Cl)c1
26,CCCCOc1ccccc1-c1nc(CCO)c(-c2ccc(OC)cc2)c(CCO)n1.O=C(Cl)c1cccc(C(=O)Cl)c1
27,CCCCOc1ccccc1-c1nc(CCO)c(-c2ccc(OC)cc2)c(CCO)n1.O=C(Cl)c1ccc(C(=O)Cl)cc1
28,O=C(O)c1ccc(OCCOc2ccc(C(=O)O)cc2)cc1.OCCCCCCCCCCO
29,Nc1cccc(N)c1.O=C(O)CCCCC(=O)O
30,COC1=C(O)C=CC(=CNc2ccc(Oc3ccc(NC=C4C=CC(O)=C(OC)C4)cc3)cc2)C1.O=C(Cl)CCCCCCCCC(=O)Cl
31,O=C(Cl)c1ccc(-c2nnc(-c3ccc(C(=O)Cl)cc3)s2)cc1.OCCCCCCCCCO
32,O=C(Cl)CCCCC(=O)Cl.OCCCCCCCCCCCCCCO
33,O=C(Cl)CCCCC(=O)Cl.OCC(F)(F)C(F)(F)C(F)(F)CO
34,O=C(O)c1ccc(C(=O)O)cc1.OCCCCCCCCO
35,COc1cc(/C=C2/CCC/C(=C\c3ccc(OCCCO)c(OC)c3)C2=O)ccc1OCCCO.O=C(Cl)CCCCC(=O)Cl
36,CCCCOc1ccccc1-c1nc(CCO)c(-c2ccc(OC)cc2)c(CCO)n1.O=C(Cl)CCCCC(=O)Cl
37,CCCCOc1ccc(-c2nc(CCO)c(-c3ccc(OCCCC)cc3)c(CCO)n2)cc1.O=C(Cl)CCCC(=O)Cl
38,O=C(Cl)CCCCC(=O)Cl.OCCCCCCCCCCCCO
39,O=C(O)CC(=O)O.O=C1C[C@@H](C2=C[C@@H](CO)OC2=O)[C@@H](CO)O1
40,Nc1ccc(S2(c3ccc(N)cc3)C=C(c3ccccc3)C(c3ccccc3)=C2)cc1.O=C(O)Cc1ccc(-c2sc(-c3ccc(CC(=O)O)cc3)c(-c3ccccc3)c2-c2ccccc2)cc1
41,O=C(O)CCCC(=O)O.OCCCCO
42,CCc1cc(C2(c3ccc(N4C(=O)c5ccc(C(=O)O)cc5C4=O)c(CC)c3)c3ccccc3-c3ccccc32)ccc1N1C(=O)c2ccc(C(=O)O)cc2C1=O.Nc1ccc(Oc2cccc(N)c2)cc1
43,O=C(O)CCCCC(=O)O.OCCCCO
44,Nc1ccc(Oc2ccc(S(=O)(=O)c3ccc(Oc4ccc(N)cc4)cc3)cc2)cc1.O=C(O)c1cccc(N2C(=O)c3ccc(C(c4ccc5c(c4)C(=O)N(c4ccc(Oc6ccc(N7C(=O)c8ccc(C(c9ccc%10c(c9)C(=O)N(c9cccc(C(=O)O)c9)C%10=O)(C(F)(F)F)C(F)(F)F)cc8C7=O)cc6)cc4)C5=O)(C(F)(F)F)C(F)(F)F)cc3C2=O)c1
45,Nc1ccc(Oc2ccc(S(=O)(=O)c3ccc(Oc4ccc(N)cc4)cc3)cc2)cc1.O=C(O)c1cccc(N2C(=O)c3ccc(-c4cccc5c4C(=O)N(c4cccc(C(=O)O)c4)C5=O)cc3C2=O)c1
46,CC(C)CC(C(=O)O)N1C(=O)c2ccc(-c3ccc4c(c3)C(=O)N(C(CC(C)C)C(=O)O)C4=O)cc2C1=O.Nc1ccc(Oc2ccc(S(=O)(=O)c3ccc(Oc4ccc(N)cc4)cc3)cc2)cc1
47,Nc1ccc(Oc2ccc(Oc3ccc(N)cc3)cc2)cc1.O=C(O)c1cccc(N2C(=O)c3ccc(C(c4ccc5c(c4)C(=O)N(c4ccc(Oc6ccc(N7C(=O)c8ccc(C(c9ccc%10c(c9)C(=O)N(c9cccc(C(=O)O)c9)C%10=O)(C(F)(F)F)C(F)(F)F)cc8C7=O)cc6)cc4)C5=O)(C(F)(F)F)C(F)(F)F)cc3C2=O)c1
48,Nc1ccc(Oc2ccc(Oc3ccc(N)cc3)cc2)cc1.O=C(O)c1cccc(N2C(=O)c3ccc(-c4cccc5c4C(=O)N(c4cccc(C(=O)O)c4)C5=O)cc3C2=O)c1
49,Nc1ccc(Oc2ccc(Oc3ccc(N)cc3)cc2)cc1.O=C(O)c1ccc2c(c1)C(=O)N(c1ccc(Oc3ccc(C(=O)c4ccc(Oc5ccc(N6C(=O)c7ccc(C(=O)O)cc7C6=O)cc5C(F)(F)F)cc4)cc3)c(C(F)(F)F)c1)C2=O
50,O=C(O)CCCCCCC(=O)O.OCCCCO
51,Cc1ccc(N2C(=O)c3ccc(C(=O)O)cc3C2=O)cc1N1Cc2cc(C(=O)O)ccc2C1=O.Nc1ccc(Oc2ccc(Oc3ccc(N)cc3)cc2)cc1
52,O=C(O)CCCCCCCCC(=O)O.OCCCCO
53,CC(C)CC(C(=O)O)N1C(=O)c2ccc(-c3ccc4c(c3)C(=O)N(C(CC(C)C)C(=O)O)C4=O)cc2C1=O.Nc1ccc(Oc2ccc(Oc3ccc(N)cc3)cc2)cc1
54,Nc1ccc(Oc2ccc(Oc3ccc(N)cc3)c3ccccc23)cc1.O=C(O)c1ccc2c(c1)C(=O)N(c1ccc(Oc3ccc(C(c4ccc(Oc5ccc(N6C(=O)c7ccc(C(=O)O)cc7C6=O)cc5)cc4)(C(F)(F)F)C(F)(F)F)cc3)cc1)C2=O
55,Nc1ccc(Oc2ccc(Oc3ccc(N)cc3)c3ccccc23)cc1.O=C(O)c1ccc2c(c1)C(=O)N(c1ccc(Cc3ccc(N4C(=O)c5ccc(C(=O)O)cc5C4=O)cc3)cc1)C2=O
56,O=C(O)Cc1ccc(CC(=O)O)cc1.OCCCCO
57,Nc1ccc(Oc2cccc(N)c2)cc1.O=C(O)CCCCCN1C(=O)c2ccc(C(=O)c3ccc4c(c3)C(=O)N(CCCCCC(=O)O)C4=O)cc2C1=O
58,Nc1ccc(Oc2cccc(N)c2)cc1.O=C(O)c1ccc2c(c1)C(=O)N(c1ccc(C3(c4ccc(N5C(=O)c6ccc(C(=O)O)cc6C5=O)cc4)c4ccccc4-c4ccccc43)cc1)C2=O
59,Nc1ccc(N(c2ccc(N)cc2)c2ccc(N(c3ccccc3)c3ccccc3)cc2)cc1.O=C(O)c1ccc(C2(c3ccc(C(=O)O)cc3)c3ccccc3-c3ccccc32)cc1
60,O=C(O)c1ccc(C(=O)O)o1.OCCCCCCO
61,Nc1ccc(S(=O)(=O)c2ccc(N)cc2)cc1.O=C(O)c1ccc2c(c1)C(=O)N(c1cccc(N3C(=O)c4ccc(C(=O)O)cc4C3=O)c1)C2=O
62,Nc1ccc(S(=O)(=O)c2ccc(N)cc2)cc1.O=C(O)c1ccc2c(c1)C(=O)N(c1cc(-c3nc4ccccc4[nH]3)cc(N3C(=O)c4ccc(C(=O)O)cc4C3=O)c1)C2=O
63,O=C(O)CCCCCCCC(=O)O.OCCCCCO
64,Nc1ccc(S(=O)(=O)c2ccc(N)cc2)cc1.O=C(O)c1ccc(Oc2nc(Oc3ccc(C(=O)O)cc3)nc(Sc3ccccc3)n2)cc1
65,Nc1ccc(S(=O)(=O)c2ccc(N)cc2)cc1.O=C(O)Cc1ccc(-c2sc(-c3ccc(CC(=O)O)cc3)c(-c3ccccc3)c2-c2ccccc2)cc1
66,O=C(O)c1ccc(C=Cc2ccc(C(=O)O)cc2)cc1.OCCCCCO
67,Nc1ccc(Oc2ccccc2-c2ccccc2Oc2ccc(N)cc2)cc1.O=C(O)c1ccc2c(c1)C(=O)N(c1ccc(Oc3ccccc3-c3ccccc3Oc3ccc(N4C(=O)c5ccc(C(=O)O)cc5C4=O)cc3)cc1)C2=O
68,O=C(O)c1ccc(-c2ccc(C(=O)O)cc2)cc1.OCCCCCCO
69,Nc1ccc(Oc2ccccc2-c2ccccc2Oc2ccc(N)cc2)cc1.O=C(O)c1ccc2c(c1)C(=O)N(c1ccc(Oc3ccc(Oc4cccc(N5C(=O)c6ccc(C(=O)O)cc6C5=O)c4)cc3)cc1)C2=O
70,CC(CCC(=O)O)CC(=O)O.OCCCCO
71,Nc1ccc(Oc2ccccc2-c2ccccc2Oc2ccc(N)cc2)cc1.O=C(O)c1ccc2c(c1)C(=O)N(c1ccc(N3C(=O)c4ccc(C(=O)O)cc4C3=O)cc1)C2=O
72,C[Si](C)(c1ccc(C(=O)O)cc1)c1ccc(C(=O)O)cc1.OCCCCO
73,Nc1ccc(Oc2ccccc2-c2ccccc2Oc2ccc(N)cc2)cc1.O=C(O)c1ccc2c(c1)C(=O)N(c1ccc(Cc3ccc(N4C(=O)c5ccc(C(=O)O)cc5C4=O)cc3)cc1)C2=O
74,CC(C)(c1ccc(Oc2ccc(N3C(=O)c4ccc(C(=O)O)cc4C3=O)cc2)cc1)c1ccc(Oc2ccc(N3C(=O)c4ccc(C(=O)O)cc4C3=O)cc2)cc1.Nc1ccc(Oc2ccccc2-c2ccccc2Oc2ccc(N)cc2)cc1
75,Nc1ccc(Oc2cccc(Oc3ccc(N)cc3)c2)cc1.O=C(O)c1ccc2c(c1)C(=O)N(c1ccc(Oc3ccc(Oc4ccc(N5C(=O)c6ccc(C(=O)O)cc6C5=O)cc4C(F)(F)F)cc3)c(C(F)(F)F)c1)C2=O
76,O=C(O)CCC(=O)O.OCCCCO
77,Nc1ccc(Oc2ccccc2-c2ccccc2Oc2ccc(N)cc2)cc1.O=C(O)c1ccc2c(c1)C(=O)N(c1ccc(Oc3ccc(-c4ccc(Oc5cccc(N6C(=O)c7ccc(C(=O)O)cc7C6=O)c5)cc4)cc3)cc1)C2=O
78,CC(C)(c1ccc(Oc2ccc(N3C(=O)c4ccc(C(=O)O)cc4C3=O)cc2)cc1)c1ccc(Oc2ccc(N3C(=O)c4ccc(C(=O)O)cc4C3=O)cc2)cc1.Nc1ccc(Oc2ccc(Oc3ccc(N)cc3)c3ccccc23)cc1
79,O=C(Cl)c1ccc(-c2nnc(-c3ccc(C(=O)Cl)cc3)s2)cc1.OCCCCCCCCCCO
80,O=C(O)CC(CC(=O)O)C(=O)O.OCCCCCCCCCCCOc1ccc(-c2nnc(-c3ccc(OCCCCCCCCCCCO)cc3)s2)cc1
81,CCCCCCCCCCC(CO)C(CO)CCCCCCCCCC.O=C(O)c1ccc(C(=O)O)cc1
82,CC(C)(c1ccc(Oc2ccc(N)cc2)cc1)c1ccc(Oc2ccc(N)cc2)cc1.O=C(O)c1ccc(C(=O)O)cc1
83,CC(c1ccc(Oc2ccc(-c3ccc(N)cc3)cc2C(F)(F)F)cc1)(c1ccc(Oc2ccc(-c3ccc(N)cc3)cc2C(F)(F)F)cc1)P1(=O)Oc2ccccc2-c2ccccc21.O=C(O)c1cccc(C(=O)O)c1
84,Nc1ccc(Oc2ccc(C3(c4ccc(Oc5ccc(N)cc5)cc4)C4CC5CC(C4)CC3C5)cc2)cc1.O=C(O)c1ccc(C(=O)O)c2ccccc12
85,Nc1ccc(Oc2ccc(C3(c4ccc(Oc5ccc(N)cc5)cc4)c4ccccc4-c4ccccc43)cc2)cc1.O=C(O)c1ccc(-c2ccc(C(=O)O)cc2)cc1
86,CC1CC(CC2CCC(N)C(C)C2)CCC1N.NCCCCCCCCCCCC(=O)O.O=C(O)c1cccc(C(=O)O)c1
87,Nc1ccc(Oc2ccc(C3(c4ccc(Oc5ccc(N)cc5)cc4)C4CC5CC(C4)CC3C5)cc2)cc1.O=C(O)c1ccc(-c2ccc(C(=O)O)cc2)cc1
88,Nc1ccc(-c2ccc(Oc3ccc(Oc4ccc(-c5ccc(N)cc5)cc4C(F)(F)F)cc3)c(C(F)(F)F)c2)cc1.O=C(O)c1ccc(-c2ccc(C(=O)O)c(C(=O)O)c2)cc1C(=O)O
89,O=C(O)c1ccc(-c2ccc(-c3ccc(C(=O)O)cc3)cc2)cc1.OCCOCCOCCOCCOCCOCCOCCOCCOCCOCCO
90,Nc1ccc(-c2ccc(N)c(N)c2)cc1N.O=C(O)c1cccc(C(=O)O)c1
91,Nc1ccc(-c2ccc(Oc3ccc(Oc4cc(-c5ccc(N)cc5)cc(C(F)(F)F)c4O)cc3)c(C(F)(F)F)c2)cc1.O=C(O)c1cccc(C(=O)O)c1
92,Nc1ccc(O[Si](Oc2ccc(N)cc2)(c2ccccc2)c2ccccc2)cc1.O=C(O)c1cc(C(=O)O)cc([N+](=O)[O-])c1
93,Nc1ccc(-c2ccc(Oc3ccc(Oc4ccc(-c5ccc(N)cc5)cc4C(F)(F)F)cc3)c(C(F)(F)F)c2)cc1.O=C(O)c1cc(C(=O)O)c(C(=O)O)cc1C(=O)O
94,Nc1ccc(-c2ccc(Oc3ccc(C4(c5ccc(Oc6ccc(-c7ccc(N)cc7)cc6C(F)(F)F)cc5)c5ccccc5C(=O)N4c4ccccc4)cc3)c(C(F)(F)F)c2)cc1.O=C(O)c1cc(C(=O)O)c(C(=O)O)cc1C(=O)O
95,CC1(C)CC(C)(c2ccc(Oc3ccc(-c4ccc(N)cc4)cc3C(F)(F)F)cc2)c2cc(Oc3ccc(-c4ccc(N)cc4)cc3C(F)(F)F)ccc21.O=C(O)c1cc(C(=O)O)c(C(=O)O)cc1C(=O)O
96,Nc1ccc(C(=O)c2ccc(Oc3ccc(C(=O)c4cccc(N)c4)cc3)cc2)cc1.O=C(O)c1cccc(C(=O)O)c1
97,O=C(O)Cc1ccc(OCCO)cc1
98,Nc1ccc(Oc2ccc(C(c3ccc(Oc4ccc(N)cc4)cc3)(C(F)(F)F)C(F)(F)F)cc2)cc1.O=C(O)c1ccc2cc(C(=O)O)ccc2c1
99,Nc1ccc(C(=O)Nc2ccc(Oc3ccc(S(=O)(=O)c4ccc(Oc5ccc(NC(=O)c6ccc(N)cc6)cc5)cc4)cc3)cc2)cc1.O=C(O)c1ccc(C(=O)O)cc1
100,Nc1ccc(C(=O)c2ccc(Oc3ccc(C(=O)c4ccc(N)cc4)cc3)cc2)cc1.O=C(O)c1ccc(C(=O)O)cc1
101,Nc1ccc(-c2ccc(Oc3ccc(C4(c5ccc(Oc6ccc(-c7ccc(N)cc7)cc6C(F)(F)F)cc5)CCCCC4)cc3)c(C(F)(F)F)c2)cc1.O=C(O)c1ccc2cc(C(=O)O)ccc2c1
102,Nc1ccc(-c2ccc(Oc3ccc(C4(c5ccc(Oc6ccc(-c7ccc(N)cc7)cc6C(F)(F)F)cc5)c5ccccc5C(=O)N4c4ccccc4)cc3)c(C(F)(F)F)c2)cc1.O=C(O)c1ccc(Oc2ccc(C(=O)O)c(C(=O)O)c2)cc1C(=O)O
103,Nc1ccc(-c2ccc(Oc3ccc(Oc4cc(-c5ccc(N)cc5)cc(C(F)(F)F)c4O)cc3)c(C(F)(F)F)c2)cc1.O=C(O)c1ccc(C(c2ccc(C(=O)O)cc2)(C(F)(F)F)C(F)(F)F)cc1
104,CC(C)(C)c1cc(C(C)(C)C)c(Oc2ccc(N(c3ccc(N)cc3)c3ccc(N)cc3)cc2)c(C(C)(C)C)c1.O=C(O)c1ccc(C(c2ccc(C(=O)O)cc2)(C(F)(F)F)C(F)(F)F)cc1
105,Nc1cc(N)cc(C(=O)CCNC(=O)/C=C/c2ccccc2)c1.O=C(O)c1ccc(Oc2ccc(C(=O)O)cc2)cc1
106,CC1(C)CC(C)(c2ccc(Oc3ccc(-c4ccc(N)cc4)cc3C(F)(F)F)cc2)c2cc(Oc3ccc(-c4ccc(N)cc4)cc3C(F)(F)F)ccc21.O=C(O)c1ccc(C(c2ccc(C(=O)O)c(C(=O)O)c2)(C(F)(F)F)C(F)(F)F)cc1C(=O)O
107,Nc1cccc(Oc2ccc(C(=O)c3ccc(Oc4cccc(N)c4)cc3)cc2)c1.O=C(O)c1ccc(C(=O)O)nc1
108,O=C(O)c1ccc(C(=O)O)cc1.OCCCCCCCCCCO
109,Nc1ccc(Oc2ccc(-c3nn(-c4ccc(N)cc4)c(=O)c4ccccc34)cc2-c2ccccc2)cc1.O=C(O)c1ccc2c(c1)C(=O)N(c1cccc(N3C(=O)c4ccc(C(=O)O)cc4C3=O)c1)C2=O
110,Nc1ccc(Oc2ccc(C34CC5CC(C3)CC(c3ccc(Oc6ccc(N)cc6)cc3)(C5)C4)cc2)cc1.O=C(O)c1cccc(C(=O)O)c1
111,O=C(O)c1ccc(C(=O)O)cc1.OCCCCCCCCCCCCCCCCCCO
112,Nc1cccc(Oc2ccc(C(=O)c3ccc(Oc4cccc(N)c4)cc3)cc2)c1.O=C(O)c1ccc(C(=O)O)cc1
113,Nc1ccc(Oc2ccc(C34CC5CC(C3)CC(c3ccc(Oc6ccc(N)cc6)cc3)(C5)C4)cc2)cc1.O=C(O)c1ccc(C(=O)O)cc1
114,CC(C)(C)c1cc(C(C)(C)C)c(Oc2ccc(N(c3ccc(N)cc3)c3ccc(N)cc3)cc2)c(C(C)(C)C)c1.O=C(O)c1ccc2cc(C(=O)O)ccc2c1
115,Nc1ccc(Oc2ccc(-c3cc(-c4ccccc4)nc(-c4ccccc4)c3)cc2)c(N)c1.O=C(O)c1ccc(C(=O)O)cc1
116,Nc1ccc(N(c2ccc(N)cc2)c2ccc(C(c3ccccc3)(c3ccccc3)c3ccccc3)cc2)cc1.O=C(O)c1ccc(C(=O)O)cc1
117,Nc1ccc(C(=O)c2ccc(Oc3ccc(Oc4ccc(C(=O)c5ccc(N)cc5)cc4)cc3)cc2)cc1.O=C(O)c1ccc(C(=O)O)cc1
118,CC(c1ccc(Oc2ccc(-c3ccc(N)cc3)cc2C(F)(F)F)cc1)(c1ccc(Oc2ccc(-c3ccc(N)cc3)cc2C(F)(F)F)cc1)P1(=O)Oc2ccccc2-c2ccccc21.O=C(O)c1ccc2cc(C(=O)O)ccc2c1
119,Nc1ccc(C(=O)c2ccc(Oc3ccc(C(=O)c4cccc(N)c4)cc3)cc2)cc1.O=C(O)c1ccc(C(=O)O)cc1
120,Nc1ccc(Oc2ccc(C(=O)c3ccc(Oc4ccc(N)cc4C(F)(F)F)cc3)cc2)c(C(F)(F)F)c1.O=C(O)c1ccc2c(c1)C(=O)N(c1cccc(N3C(=O)c4ccc(C(=O)O)cc4C3=O)c1)C2=O
121,O=C(O)CC(=O)O.OCCOCCOCCO
122,CC(O)C(=O)O.O=C(O)CO
123,O=C(O)CCCCC(=O)O.OCCCCCCCCCCCCCCCCO
124,O=C(O)CCCCCCCC(=O)O.OCC(O)CO
125,O=C(O)CCCCC(=O)O.OCC(CO)(CCl)CCl
126,O=C(Cl)CCCC(=O)Cl.OCC1CCC(CO)CC1
127,O=C(O)CCCCC(=O)O.OCC(CO)(CCl)CBr
128,O=C(O)CCCCC(=O)O.OCC(CO)(CBr)CBr
129,Nc1cc(N)cc(C(=O)Nc2ccc(Oc3cccc4cccnc34)cc2)c1.O=C(O)CCCCC(=O)O
130,O=C(O)CCCCCCCC(=O)O.OCC1CCC(CO)CC1
131,O=C(O)c1cccc(C(=O)O)c1.OCc1ccc(CO)cc1
132,O=C(O)CC/C=C/CCC(=O)O.OCCCCCCCCCCO
133,O=C(O)CC/C=C/CCC(=O)O.OCCCCCCCCCCCCO
134,O=C(O)c1ccc(C(=O)O)cc1.OCC1CCC(CO)CC1
135,O=C(O)CCC(=O)O.OCCOCCOCCO
136,O=C(O)C/C=C/CC(=O)O.OCCCCCCCCCCCCO
137,O=C(Cl)c1ccc(-c2nnc(-c3ccc(C(=O)Cl)cc3)s2)cc1.OCCCCCCCCCCCCO
138,O=C(O)C/C=C/CC(=O)O.OCCCCCCCCCCCCCCO
139,O=C(O)c1ccc(C(=O)O)c2c(C(=O)O)ccc(C(=O)O)c12.OCCCCCCCCCCCCO
140,O=C(O)CCCCC(=O)O.OCCCCCCCCCCCCCCO
141,O=C(O)CCCCC(=O)O.OCCCCCCCCCCCCO
142,O=C(Cl)c1cc(C(=O)Cl)cc(C(F)(F)C(F)(F)C(F)(F)C(F)(F)C(F)(F)C(F)(F)C(F)(F)F)c1.OCC(F)(F)C(F)(F)C(F)(F)CO
143,O=C(O)CCCCC(=O)O.OCCCCCCCCCCO
144,O=C(O)CCc1ccc(OCCO)cc1
145,O=C(O)CCSCCC(=O)O.OCCOCCOCCOCCO
146,Nc1cccc(Oc2ccc(C(=O)c3ccc(Oc4cccc(N)c4)cc3)cc2)c1.O=C(O)c1cccc(C(=O)O)c1
147,O=C(O)CCCCS(=O)(=O)CCCCC(=O)O.OCCCCCCCCCCCCCCCCCCCCO
148,CC1(C)CC(C)(c2ccc(Oc3ccc(-c4ccc(N)cc4)cc3C(F)(F)F)cc2)c2cc(Oc3ccc(-c4ccc(N)cc4)cc3C(F)(F)F)ccc21.O=C(c1ccc(C(=O)O)c(C(=O)O)c1)c1ccc(C(=O)O)c(C(=O)O)c1
149,O=C(O)CCCCO
150,O=C(O)CCCCCO
151,O=C(O)CCCCCCCCCO
152,Nc1cccc(Cc2ccc(Oc3ccc(Oc4ccc(C(=O)c5cccc(N)c5)cc4)cc3)cc2)c1.O=C(O)c1cccc(C(=O)O)c1
153,O=C(O)CCCCC(=O)O.OC1CCC(O)CC1
154,O=C(O)CCCCCCCCCCCCCCCO
155,O=C(O)CCCCCCC(=O)O.OC1CCC(O)CC1
156,Nc1cccc(C(=O)c2ccc(Oc3ccc(C(=O)c4cccc(N)c4)cc3)cc2)c1.O=C(O)CCCCCCCCC(=O)O
157,Nc1ccc(C(=O)c2ccc(N)cc2)cc1.O=C(O)CCCCCCCCC(=O)O
158,O=C(Cl)CCC(=O)Cl.O[C@H]1CO[C@@H]2[C@H](O)CO[C@H]12
159,O=C(O)CCCCCCC(=O)O.OCCCCCCCCCCCCO
160,O=C(O)CCCCCC(=O)O.OCCCCCCCCCCCCCCCCCCCCO
161,O=C(Cl)c1cccc(OCCCCCCOc2cccc(C(=O)Cl)c2)c1.OC1COC2C(O)COC12
162,O=C(O)CCCCCCCCCCCCCCO
163,Nc1ccc(Oc2ccc(N)cc2)cc1.O=C1/C(=C/c2ccc(N3C(=O)c4ccc(C(=O)O)cc4C3=O)cc2)CC/C1=C\c1ccc(N2C(=O)c3ccc(C(=O)O)cc3C2=O)cc1
164,CC(C)(c1ccc(Oc2ccc(N)cc2)cc1)c1ccc(Oc2ccc(N)cc2)cc1.O=C(O)c1ccc(/N=N\c2ccc(C(=O)O)cc2)cc1
165,O=C(O)c1ccc(C(=O)O)cc1.OCCCCO
166,NCCCCCCCN.O=C(O)CCCCCCCC(=O)O
167,CC(O)CC(=O)O.CCCCC(O)CC(=O)O
168,O=C(O)CCCCOc1ccc(C(=O)O)cc1.OCCO
169,NCCCCCCCN.O=C(O)CCCCCCCCC(=O)O
170,CC(O)C(=O)O
171,O=C(O)CCCCCCCCC(=O)O.OCCO
172,NCCCCCCCN.O=C(O)CCCCCCCCCCSCCCCSCCCCCCCCCCC(=O)O
173,NCCCCCC(=O)O.NCCCCCCN.O=C(O)CCCCC(=O)O
174,O=C(O)CCCC(=O)O.OCCOCCO
175,NCCCCCC(=O)O.NCCCCCCN.O=C(O)c1ccc(C(=O)O)cc1
176,C[C@H](N)C(=O)O
177,NCCCCCCN.O=C(O)CCCC(=O)O
178,O=C(O)CCCCCCCCC(=O)O.OCCOCCO
179,CC(CO)CC(C)(C)CCO.O=C(O)c1ccc(C(=O)O)cc1
180,NCCCCCCN.O=C(O)CCCCC(=O)O
181,NCCCCCCN.O=C(O)CCCCCCCC(=O)O
182,O=C(Cl)c1ccc(OC(=O)c2ccc(C(=O)Oc3ccc(C(=O)Cl)cc3)cc2)cc1.OCCOCCOCCO
183,CC(CC(=O)O)C(=O)O.OCCCCCCCCCCO
184,O=C(O)CCCC(=O)O.OCCO
185,Cc1ccc2nc(-c3cc(N4C(=O)c5ccc(C(=O)O)cc5C4=O)cc(N4C(=O)c5ccc(C(=O)O)cc5C4=O)c3)[nH]c2c1.Nc1cc(N)cc(-c2nc3ccccc3[nH]2)c1
186,NCCCCN.O=C(O)CCCCCCCCC(=O)O
187,NCCCCN.O=C(O)CCCCC(=O)O
188,NCCCCCCCN.O=C(O)CCCCCCC(=O)O
189,O=C(O)c1cccc(C(=O)O)c1.OCCOCCO
190,O=C(O)CCCCC(=O)O.OCCO
191,O=C(O)CCCCCC(=O)O.OCCO
192,CC(CCN)CCCC(=O)O
193,NCCCCCCN.O=C(O)c1ccc2c(c1)C(=O)N(c1cc(C(=O)Nc3ccc(Oc4ccc(C5=NC(c6ccccc6)C(c6ccccc6)N5)cc4)cc3)cc(N3C(=O)c4ccc(C(=O)O)cc4C3=O)c1)C2=O
194,NCCCCCCN.O=C(O)CCCCCCCCC(=O)O
195,O=C(O)CCCCCCC(=O)O.OCCO
196,NCCCCCN.O=C(O)c1ccc(C(=O)O)cc1
197,O=C(O)c1ccc(-c2ccc(-c3ccc(C(=O)O)cc3)cc2)cc1.OCCCCO
198,NCCCCCCCN.O=C(O)CCCCCC(=O)O
199,O=C(O)CCCOc1ccc(C(=O)O)cc1.OCCO
200,CC(O)CO.O=C(O)CCCC(=O)O
201,C=C/C(=C\C)[Si](C)(c1ccc(C(=O)O)cc1)c1ccc(C(=O)O)cc1.C[Si](c1ccccc1)(c1ccc(N)cc1)c1ccc(N)cc1
202,CC(O)CO.O=C(O)CCCCC(=O)O
203,CCCCCC(O)CC(=O)O
204,O=C(O)c1ccc(CCCCCCc2ccc(C(=O)O)cc2)cc1.OCCO
205,O=C(O)c1ccc(C(=O)O)o1.OCCO
206,CCCCC(O)CCCCC(=O)O
207,O=C(O)c1ccc2cc(C(=O)O)ccc2c1.OCCO
208,CC(O)CO.O=C(O)CCCCCCC(=O)O
209,O=C(O)c1ccc(Cc2ccc(C(=O)O)cc2)cc1.OCCO
210,CC(O)CO.O=C(O)CCCCCCCC(=O)O
211,CC(c1ccc(Oc2ccc(N)cc2)cc1)c1ccc(Oc2ccc(N)cc2)cc1.O=C(O)c1ccc2c(c1)C(=O)N(c1ccc(Oc3ccc(C(=O)c4ccc(Oc5ccc(N6C(=O)c7ccc(C(=O)O)cc7C6=O)cc5C(F)(F)F)cc4)cc3)c(C(F)(F)F)c1)C2=O
212,CCCCC(O)CC(=O)O
213,Nc1cc(N)cc(-c2nc3ccccc3[nH]2)c1.O=C(O)c1ccc2c(c1)C(=O)N(c1cc(-c3nc4ccccc4[nH]3)cc(N3C(=O)c4ccc(C(=O)O)cc4C3=O)c1)C2=O
214,C[Si](c1ccccc1)(c1ccc(N)cc1)c1ccc(N)cc1.O=C(O)c1ccc([Si](c2ccccc2)(c2ccccc2)c2ccc(C(=O)O)cc2)cc1
215,O=C(O)c1ccc(C(=O)O)cc1.OCCO
216,NCCCCCCCCN.O=C(O)CCCCCCCCCCC(=O)O
217,CC(O)CC(=O)O
218,NCCCCCCCCN.O=C(O)CCCCCCCC(=O)O
219,O=C(O)CCC(=O)O.OCCOCCO
220,O=C(O)CCSCCC(=O)O.OCCO
221,NCCCCCCCCCCCCN.O=C(O)CCCCCCCCC(=O)O
222,Cc1ccc2[nH]c(-c3cc(N)cc(N)c3)nc2c1.Cc1ccc2nc(-c3cc(N4C(=O)c5ccc(C(=O)O)cc5C4=O)cc(N4C(=O)c5ccc(C(=O)O)cc5C4=O)c3)[nH]c2c1
223,NCCCCCCCCCCCCCN.O=C(O)CCCCCCCCCCSCCCCSCCCCCCCCCCC(=O)O
224,O=C(O)c1ccc(-c2ccc(-c3ccc(C(=O)O)cc3)cc2)cc1.OCCO
225,O=C(O)c1ccc(C(=O)O)c2c1CC2.OCCO
226,NCCCCCCC(=O)O
227,CC(O)CCO.O=C(O)CCCCCCCCCCC(=O)O
228,CC(C(=O)O)C(=O)O.OCCOCCO
229,NCCC(=O)O
230,CC(O)CCO.O=C(O)CCC(=O)O
231,Nc1cc(N)cc(-c2nc3ccccc3o2)c1.O=C(O)c1ccc2c(c1)C(=O)N(c1ccc(Oc3cc(Oc4ccc(N5C(=O)c6ccc(C(=O)O)cc6C5=O)cc4)cc(-c4nc5ccccc5[nH]4)c3)cc1)C2=O
232,CC(CCC(=O)O)CC(=O)O.OCCCCCCCCCCCCCCCCCCCCO
233,O=C(O)CCCCCCCCC(=O)O.OCCCO
234,Nc1ccc(Cc2ccc(N)cc2)cc1.O=C(O)c1ccc2c(c1)C(=O)N(c1cc(Cl)c(N3C(=O)c4ccc(C(=O)O)cc4C3=O)cc1Cl)C2=O
235,CC(C)(CO)CO.O=C(O)CCCCCCC(=O)O
236,O=C(O)c1ccc(-c2ccc(-c3ccc(C(=O)O)cc3)cc2)cc1.OCCOCCOCCOCCO
237,O=C(O)CCC(=O)O.OCCO
238,Cc1cc(C2(c3ccc(N4C(=O)c5ccc(C(=O)O)cc5C4=O)c(C)c3)c3ccccc3-c3ccccc32)ccc1N1C(=O)c2ccc(C(=O)O)cc2C1=O.Nc1ccc(N)cc1
239,Nc1ccc(N)cc1.O=C(O)CCCN1C(=O)c2ccc(C(=O)c3ccc4c(c3)C(=O)N(CCCC(=O)O)C4=O)cc2C1=O
240,CC(C)(CO)C(=O)O
241,Nc1ccc(N)cc1.O=C(O)c1ccc2c(c1)C(=O)N(c1cccc3c(Oc4cccc(Oc5cccc6c(N7C(=O)c8ccc(C(=O)O)cc8C7=O)cccc56)c4)cccc13)C2=O
242,O=C(O)CCCCCCCC(=O)O.OCCCO
243,Cc1ccc(N2C(=O)c3ccc(C(=O)O)cc3C2=O)cc1N1C(=O)c2ccc(C(=O)O)cc2C1=O.Nc1ccc(Oc2ccc(-c3ccc(Oc4ccc(N)cc4)cc3)cc2)cc1
244,O=C(O)CCCCCCC(=O)O.OCCCO
245,Nc1ccc(Oc2ccc(-c3ccc(Oc4ccc(N)cc4)cc3)cc2)cc1.O=C(O)c1ccc2c(c1)C(=O)N(c1ccc(Oc3ccc(N4C(=O)c5ccc(C(=O)O)cc5C4=O)cc3)cc1)C2=O
246,CC(C)(C)c1cc(C(=O)O)cc(C(=O)O)c1.Nc1ccc(N(c2ccc(N)cc2)c2ccc(OCC34CC5CC(CC(C5)C3)C4)cc2)cc1
247,Nc1ccc(Oc2ccc(-c3ccc(Oc4ccc(N)cc4)cc3)cc2)cc1.O=C(O)c1ccc2c(c1)C(=O)N(c1cccc(N3C(=O)c4ccc(C(=O)O)cc4C3=O)c1)C2=O
248,Nc1ccc(Oc2ccc(-c3ccc(Oc4ccc(N)cc4)cc3)cc2)cc1.O=C(O)c1cccc(N2C(=O)c3ccc(-c4cccc5c4C(=O)N(c4cccc(C(=O)O)c4)C5=O)cc3C2=O)c1
249,CC(C)(C)c1cc(C(=O)O)cc(C(=O)O)c1.Nc1ccc(-c2ccc(Oc3ccc(C4(c5ccc(Oc6ccc(-c7ccc(N)cc7)cc6C(F)(F)F)cc5)CCCCC4)cc3)c(C(F)(F)F)c2)cc1
250,Nc1ccc(Oc2ccc(-c3nn(-c4ccc(N)cc4)c(=O)c4ccccc34)cc2-c2ccccc2)cc1.O=C(O)c1ccc2c(c1)C(=O)N(c1ccc(Oc3ccc(-c4nn(-c5ccc(N6C(=O)c7ccc(C(=O)O)cc7C6=O)cc5)c(=O)c5ccccc45)cc3-c3ccccc3)cc1)C2=O
251,CC(C)(C)c1cc(C(=O)O)cc(C(=O)O)c1.CC(C)(C)c1cc(Oc2ccc(-c3ccc(N)cc3)cc2C(F)(F)F)c(C(C)(C)C)cc1Oc1ccc(-c2ccc(N)cc2)cc1C(F)(F)F
252,Nc1ccc(Oc2ccc(N)cc2)cc1.O=C(O)c1cccc(N2C(=O)c3ccc(-c4cccc5c4C(=O)N(c4cccc(C(=O)O)c4)C5=O)cc3C2=O)c1
253,Nc1ccc(Oc2ccc(N)cc2)cc1.O=C(O)c1ccc(Oc2ccc(C3(c4ccc(Oc5ccc(C(=O)O)cc5)cc4)c4ccccc4Oc4ccccc43)cc2)cc1
254,CC(C)(C)c1cc(C(=O)O)cc(C(=O)O)c1.CC(C)(c1ccc(Oc2ccc(-c3ccc(N)cc3)cc2C(F)(F)F)cc1)c1ccc(Oc2ccc(-c3ccc(N)cc3)cc2C(F)(F)F)cc1
255,Nc1ccc(Oc2ccc(N)cc2)cc1.O=C(CCl)Nc1cc(NC(=O)CCl)cc(C(=O)Nc2cc(C(=O)O)cc(C(=O)O)c2)c1
256,O=C(O)c1ccc(Oc2ccc(C(=O)O)cc2)cc1.OCCCCO
257,Nc1ccc(Cc2ccc(N)cc2)cc1.O=C(O)CCN1C(=O)c2ccc(C(=O)c3ccc4c(c3)C(=O)N(CCC(=O)O)C4=O)cc2C1=O
258,O=C(O)CCCCCCCCCCC(=O)O.OCc1ccc(CO)cc1
259,CC(C)(C)c1cc(C(=O)O)cc(C(=O)O)c1.Nc1ccc(-c2ccc(Oc3ccc(C(c4ccc(Oc5ccc(-c6ccc(N)cc6)cc5C(F)(F)F)cc4)(C(F)(F)F)C(F)(F)F)cc3)c(C(F)(F)F)c2)cc1
260,Nc1ccc(Oc2ccc(C(c3ccc(Oc4ccc(N)cc4)cc3)(C(F)(F)F)C(F)(F)F)cc2)cc1.O=C(O)c1ccc2c(c1)C(=O)N(c1ccc(Oc3ccc(Oc4ccc(N5C(=O)c6ccc(Oc7ccc8c(c7)C(=O)N(c7ccc(Oc9ccc(Oc%10ccc(N%11C(=O)c%12ccc(C(=O)O)cc%12C%11=O)cc%10C(F)(F)F)cc9)c(C(F)(F)F)c7)C8=O)cc6C5=O)cc4C(F)(F)F)cc3)c(C(F)(F)F)c1)C2=O
261,O=C(O)[C@H]1CC[C@H](C(=O)O)CC1.OCCCO
262,Nc1ccc(Oc2ccc(C(=O)c3ccc(Oc4ccc(N)cc4C(F)(F)F)cc3)cc2)c(C(F)(F)F)c1.O=C(O)c1ccc2c(c1)C(=O)N(c1ccc(Sc3ccc(N4C(=O)c5ccc(C(=O)O)cc5C4=O)cc3)cc1)C2=O
263,O=C(O)CCCCCCCCC(=O)O.OCc1ccc(CO)cc1
264,O=C(O)CCC(=O)O.OCCCO
265,CCc1cc(C2(c3ccc(N4C(=O)c5ccc(C(=O)O)cc5C4=O)c(CC)c3)c3ccccc3-c3ccccc32)ccc1N1C(=O)c2ccc(C(=O)O)cc2C1=O.Nc1ccc(Oc2ccc(N)cc2)cc1
266,O=C(O)CCCCCCCCCC(=O)O.OCCCO
267,O=C(O)c1ccc(Oc2ccc(C(=O)O)cc2)cc1.OCCO
268,CC(C)(CO)CO.O=C(O)c1ccc(C(=O)O)cc1
269,Nc1cc(N)cc(-c2nc3ccccc3o2)c1.O=C(O)c1ccc2c(c1)C(=O)N(c1ccc(Oc3cccc(Oc4ccc(N5C(=O)c6ccc(C(=O)O)cc6C5=O)cc4)c3)cc1)C2=O
270,CC(C)(c1ccc(Oc2cccc(N)c2)cc1)c1ccc(Oc2cccc(N)c2)cc1.O=C(O)c1ccc2c(c1)C(=O)N(c1ccc(C3(c4ccc(N5C(=O)c6ccc(C(=O)O)cc6C5=O)cc4)c4ccccc4-c4ccccc43)cc1)C2=O
271,Nc1cc(N)cc(-c2nc3ccccc3s2)c1.O=C(O)c1ccc2c(c1)C(=O)N(c1ccc(Oc3cc(Oc4ccc(N5C(=O)c6ccc(C(=O)O)cc6C5=O)cc4)cc(-c4nc5ccccc5o4)c3)cc1)C2=O
272,Nc1ccc(-c2ccc(N)cc2)cc1.O=C(O)Cc1ccc(-c2sc(-c3ccc(CC(=O)O)cc3)c(-c3ccccc3)c2-c2ccccc2)cc1
273,O=C(O)c1ccc(-c2ccc(C(=O)O)cc2)cc1.OCCCOCCCO
274,Nc1ccc(-c2ccc(N)cc2)cc1.O=C(O)c1ccc(Oc2ccc(C3(c4ccc(Oc5ccc(C(=O)O)cc5)cc4)c4ccccc4Oc4ccccc43)cc2)cc1
275,CC(C)(c1ccc(Oc2ccc(N)cc2)cc1)c1ccc(Oc2ccc(N)cc2)cc1.O=C(O)c1cccc(N2C(=O)c3ccc(-c4cccc5c4C(=O)N(c4cccc(C(=O)O)c4)C5=O)cc3C2=O)c1
276,O=C(O)c1ccc(C(=O)O)cc1.OCCCO
277,C[Si](C)(c1ccc(C(=O)Nc2ccc(C(=O)O)cc2)cc1)c1ccc(C(=O)Nc2ccc(C(=O)O)cc2)cc1.Nc1ccc(-c2sc(-c3ccc(N)cc3)c(-c3ccccc3)c2-c2ccccc2)cc1
278,O=C(O)CCCCCCCCC(=O)O.OCCOCCOCCO
279,Nc1ccc(C(=O)O)cc1
280,O=C(O)CCCCCCCCCCCCC(=O)O.OCCCO
281,CC(C)(c1ccc(Oc2ccc(C(=O)O)c(C(=O)O)c2)cc1)c1ccc(Oc2ccc(C(=O)O)c(C(=O)O)c2)cc1.Nc1ccc(-c2ccc(Oc3ccc(C4(c5ccc(Oc6ccc(-c7ccc(N)cc7)cc6C(F)(F)F)cc5)c5ccccc5C(=O)N4c4ccccc4)cc3)c(C(F)(F)F)c2)cc1
282,O=C(O)CCCCCCCCCCC(=O)O.OCCOCCOCCO
283,CC(C)(c1ccc(Oc2ccc(C(=O)O)c(C(=O)O)c2)cc1)c1ccc(Oc2ccc(C(=O)O)c(C(=O)CO)c2)cc1
284,C[Si](C)(c1ccc(C(=O)Nc2ccc(C(=O)O)cc2)cc1)c1ccc(C(=O)Nc2ccc(C(=O)O)cc2)cc1.Nc1ccc(Cc2ccc(N)cc2)cc1
285,O=C(O)CCCCCCCCCCC(=O)O.OCCCO
286,CC(C)(c1ccc(Oc2cccc(N3C(=O)c4ccc(C(=O)O)cc4C3=O)c2)cc1)c1ccc(Oc2cccc(N3C(=O)c4ccc(C(=O)O)cc4C3=O)c2)cc1.Nc1ccc(C2(c3ccc(N)cc3)c3ccccc3-c3ccccc32)cc1
287,Nc1ccc(C2(c3ccc(N)cc3)c3ccccc3-c3ccccc32)cc1.O=C(O)c1ccc(C2(c3ccc(C(=O)O)cc3)c3ccccc3-c3ccccc32)cc1
288,Nc1ccc(Cc2ccc(N)cc2)cc1.O=C(O)C12CC3CC4CC1C1CC2C(C(=O)O)(C3)C1C4
